,Weight,Colour,Wheels,Height
0,142.23991385438438,red,2,[73]
1,158.48371808714427,blue,2,[56]
2,336.0858144267531,green,4,[5]
3,258.10004933434044,yellow,3,[61]
4,126.41542861387649,black,2,[72]
5,151.24499348808445,white,2,[64]
6,434.984235954608,grey,4,[41]
7,378.6342707186564,purple,4,[33]
8,484.2689290979722,radish,4,[49]
9,222.57995012084905,pink,3,[69]
10,452.3672940946364,red,4,[1]
11,332.41619808326493,blue,4,[39]
12,238.27463948198604,green,3,[69]
13,371.04952955987744,yellow,4,[47]
14,197.24686243581,black,2,[55]
15,274.137056780434,white,3,[57]
16,348.6140368491732,grey,4,[8]
17,491.931951081708,purple,4,[35]
18,384.9343860620125,radish,4,[9]
19,215.72564354782884,pink,2,[98]
20,454.9870658796538,red,4,[20]
21,173.9941637391339,blue,2,[55]
22,498.6623061833755,green,4,[26]
23,222.6287584261625,yellow,3,[55]
24,164.75550116155003,black,2,[50]
25,262.7055337998939,white,3,[67]
26,337.42786339677923,grey,4,[43]
27,253.59500247327188,purple,3,[64]
28,113.8407147907122,radish,2,[62]
29,344.50246190123755,pink,4,[43]
30,321.8938990159916,red,4,[12]
31,444.8108292116181,blue,4,[28]
32,491.1769358266733,green,4,[5]
33,271.9307975351182,yellow,3,[69]
34,410.66148684944415,black,4,[37]
35,413.6320079319547,white,4,[8]
36,382.5299654346169,grey,4,[2]
37,439.4841799329664,purple,4,[18]
38,395.46426326069263,radish,4,[5]
39,102.43293199142052,pink,2,[62]
40,276.4524370830469,red,3,[50]
41,250.48643818433152,blue,3,[68]
42,405.5859435198767,green,4,[3]
43,303.35358232342514,yellow,4,[49]
44,165.53168991132262,black,2,[74]
45,233.5025145374121,white,3,[55]
46,317.40555229181416,grey,4,[2]
47,187.39128019613904,purple,2,[86]
48,388.4894310130253,radish,4,[48]
49,144.59518818766043,pink,2,[87]
50,316.91069056871726,red,4,[38]
51,270.18168131371715,blue,3,[63]
52,158.12112327381746,green,2,[75]
53,453.1170303571615,yellow,4,[14]
54,115.00076754381136,black,2,[72]
55,299.3785782620538,white,3,[67]
56,307.0075873397988,grey,4,[28]
57,210.0173418522819,purple,2,[62]
58,402.5471314096724,radish,4,[5]
59,494.8715746706363,pink,4,[48]
60,131.83461725801297,red,2,[53]
61,117.90464056618606,blue,2,[85]
62,317.939217956652,green,4,[21]
63,137.8406987357859,yellow,2,[91]
64,179.6425449408778,black,2,[68]
65,399.5784609008792,white,4,[25]
66,325.3800965154216,grey,4,[5]
67,225.4103373410313,purple,3,[62]
68,191.88099551483788,radish,2,[69]
69,495.5534057908212,pink,4,[36]
70,292.6437557469964,red,3,[64]
71,258.3242393058724,blue,3,[61]
72,348.1187662811425,green,4,[47]
73,258.0481260628949,yellow,3,[58]
74,413.7154096162009,black,4,[1]
75,255.1662396782904,white,3,[67]
76,219.1452953181357,grey,2,[82]
77,102.28758148110488,purple,2,[93]
78,401.0463718507768,radish,4,[46]
79,141.45186087145612,pink,2,[66]
80,429.2620246058935,red,4,[14]
81,292.9591853537777,blue,3,[59]
82,259.55402634203,green,3,[58]
83,407.1287119305083,yellow,4,[10]
84,133.72833416324016,black,2,[87]
85,331.1983741960613,white,4,[3]
86,332.7235141758425,grey,4,[21]
87,486.7454849279681,purple,4,[21]
88,368.7345225390638,radish,4,[12]
89,266.58202015431215,pink,3,[61]
90,388.7672238162913,red,4,[8]
91,408.2799858482305,blue,4,[44]
92,448.1572674833788,green,4,[28]
93,211.30481412873644,yellow,2,[86]
94,246.6706519278517,black,3,[58]
95,474.4619850266809,white,4,[27]
96,359.73745724179946,grey,4,[7]
97,103.98115168694018,purple,2,[60]
98,297.02716365344986,radish,3,[63]
99,467.5179349697888,pink,4,[35]
100,159.31770422646247,red,2,[69]
101,286.714991274249,blue,3,[67]
102,305.1725119122292,green,4,[9]
103,157.38815376991596,yellow,2,[55]
104,227.6605202813901,black,3,[57]
105,237.13667350185665,white,3,[55]
106,389.2698051353215,grey,4,[49]
107,224.82517192018085,purple,3,[62]
108,444.4863503193658,radish,4,[9]
109,372.39314505190833,pink,4,[36]
110,308.28466469862394,red,4,[35]
111,329.99156823364723,blue,4,[17]
112,114.51194512935103,green,2,[59]
113,461.19417399821344,yellow,4,[43]
114,328.4457758892541,black,4,[10]
115,276.49131168283736,white,3,[50]
116,379.28159923520326,grey,4,[19]
117,464.36738256242376,purple,4,[26]
118,272.98753748436445,radish,3,[59]
119,224.09165995907844,pink,3,[54]
120,357.8895081621233,red,4,[45]
121,209.1022707551492,blue,2,[79]
122,412.4189564499737,green,4,[25]
123,395.00593159059866,yellow,4,[44]
124,261.1843186657062,black,3,[51]
125,255.67573595227256,white,3,[50]
126,218.52711216296407,grey,2,[69]
127,171.0380172057146,purple,2,[81]
128,277.9815127130809,radish,3,[67]
129,229.55376887684412,pink,3,[50]
130,320.1105093619776,red,4,[34]
131,206.9456685190341,blue,2,[67]
132,411.939688777351,green,4,[49]
133,249.66795809899543,yellow,3,[69]
134,349.43811668200823,black,4,[5]
135,472.39551151346654,white,4,[43]
136,349.1059319602083,grey,4,[18]
137,120.15972309970158,purple,2,[66]
138,347.741616146334,radish,4,[29]
139,428.9848775574311,pink,4,[35]
140,178.7653020049429,red,2,[87]
141,484.0779317805513,blue,4,[17]
142,424.3911826530839,green,4,[38]
143,454.7824924099677,yellow,4,[14]
144,485.1542719157962,black,4,[8]
145,150.29936010318875,white,2,[84]
146,363.1189652445439,grey,4,[46]
147,463.1927369669991,purple,4,[28]
148,409.2477731210049,radish,4,[41]
149,121.94731158267254,pink,2,[81]
150,243.1886510988465,red,3,[62]
151,418.5742044183381,blue,4,[40]
152,362.18970001802535,green,4,[24]
153,136.16309331776552,yellow,2,[51]
154,377.4873754073943,black,4,[23]
155,285.01089092660374,white,3,[51]
156,308.6208955167475,grey,4,[47]
157,435.5765698066261,purple,4,[18]
158,338.66358682386726,radish,4,[24]
159,143.80760335227066,pink,2,[72]
160,111.96775565589525,red,2,[56]
161,228.7233324114236,blue,3,[55]
162,377.0765328568333,green,4,[12]
163,124.79309606109337,yellow,2,[63]
164,302.7901146926911,black,4,[47]
165,473.7246460596237,white,4,[49]
166,344.74241723865737,grey,4,[36]
167,371.1004474840402,purple,4,[17]
168,292.949082561689,radish,3,[55]
169,208.52651603919583,pink,2,[92]
170,372.9632726957559,red,4,[26]
171,472.83140773537104,blue,4,[44]
172,106.76181454304788,green,2,[51]
173,371.3458508266594,yellow,4,[35]
174,442.8515754284711,black,4,[27]
175,150.5801946125493,white,2,[98]
176,254.1775028929792,grey,3,[54]
177,471.5360644714452,purple,4,[28]
178,493.4652692228346,radish,4,[17]
179,356.6792389736617,pink,4,[16]
180,119.1899415173113,red,2,[58]
181,389.0428945309344,blue,4,[45]
182,216.3819766686129,green,2,[73]
183,294.83633498402656,yellow,3,[57]
184,162.4925631047301,black,2,[62]
185,197.5928704602036,white,2,[50]
186,121.80712074890856,grey,2,[80]
187,262.9774205179681,purple,3,[62]
188,422.19048892522176,radish,4,[13]
189,440.7811447685349,pink,4,[10]
190,451.69720708406686,red,4,[15]
191,286.1497799800061,blue,3,[61]
192,367.09434757494375,green,4,[9]
193,372.7819838914315,yellow,4,[7]
194,402.4999203569503,black,4,[15]
195,449.75247973012193,white,4,[31]
196,182.8333409246752,grey,2,[63]
197,442.03146459378814,purple,4,[20]
198,464.8738078563189,radish,4,[49]
199,128.4869870318921,pink,2,[67]
200,381.07483432664407,red,4,[41]
201,222.02906325084305,blue,3,[68]
202,411.66285234557023,green,4,[39]
203,465.6711889401509,yellow,4,[34]
204,371.6489563530247,black,4,[22]
205,258.58178474149605,white,3,[63]
206,236.4349723966754,grey,3,[63]
207,155.05805786755556,purple,2,[98]
208,337.0747044557527,radish,4,[45]
209,105.41362911247268,pink,2,[76]
210,412.8554267590199,red,4,[37]
211,402.1386221353356,blue,4,[16]
212,498.0659279938312,green,4,[49]
213,253.14877271614668,yellow,3,[65]
214,341.3035300368383,black,4,[5]
215,280.5353684699383,white,3,[64]
216,106.87467854457849,grey,2,[67]
217,132.9171259378562,purple,2,[80]
218,403.05618598275,radish,4,[9]
219,453.8444713875142,pink,4,[47]
220,383.9137480401481,red,4,[6]
221,406.45726583841616,blue,4,[32]
222,426.6646105482001,green,4,[22]
223,137.0017423286566,yellow,2,[50]
224,329.8494458787568,black,4,[48]
225,110.65603717397084,white,2,[91]
226,156.50145235771814,grey,2,[92]
227,239.2700828949979,purple,3,[68]
228,270.3543754967291,radish,3,[51]
229,353.37505252333494,pink,4,[39]
230,106.44464762754184,red,2,[65]
231,428.06239366451626,blue,4,[44]
232,365.7592373747808,green,4,[44]
233,233.78144163518027,yellow,3,[58]
234,263.6471475496555,black,3,[54]
235,174.63025142466336,white,2,[52]
236,171.03191462179234,grey,2,[54]
237,221.6097576476499,purple,3,[62]
238,450.0962416800256,radish,4,[26]
239,309.41216200424924,pink,4,[28]
240,448.60288884839326,red,4,[7]
241,435.2370616418341,blue,4,[23]
242,215.5579644607099,green,2,[74]
243,335.14151529429193,yellow,4,[3]
244,196.9664544677291,black,2,[63]
245,266.6776060956462,white,3,[60]
246,288.7833313390289,grey,3,[57]
247,344.8976150291232,purple,4,[22]
248,128.4109809362388,radish,2,[53]
249,453.3142238392479,pink,4,[11]
250,491.2911218357656,red,4,[8]
251,398.6235144007367,blue,4,[44]
252,435.54132790452667,green,4,[24]
253,192.09780739061875,yellow,2,[92]
254,221.24105565990655,black,3,[61]
255,381.3436835340625,white,4,[48]
256,229.52941614174992,grey,3,[55]
257,396.8679084106266,purple,4,[36]
258,207.2152969835048,radish,2,[98]
259,200.78290132582305,pink,2,[73]
260,338.98186455222947,red,4,[32]
261,102.78652743748964,blue,2,[60]
262,424.2101810406123,green,4,[5]
263,224.4515274875855,yellow,3,[63]
264,380.7449628805128,black,4,[45]
265,466.811916358827,white,4,[22]
266,350.69552258256937,grey,4,[44]
267,437.335524753505,purple,4,[23]
268,402.96054199555175,radish,4,[12]
269,115.20945451520124,pink,2,[65]
270,183.2654990469884,red,2,[50]
271,252.65224523697532,blue,3,[68]
272,400.7166242684148,green,4,[32]
273,454.21076119949726,yellow,4,[38]
274,231.8471961343284,black,3,[50]
275,313.2719468778157,white,4,[9]
276,332.8574842918593,grey,4,[49]
277,434.0716296134847,purple,4,[46]
278,178.5110337770913,radish,2,[82]
279,388.8691479551486,pink,4,[3]
280,254.56546489903644,red,3,[68]
281,409.8643311710555,blue,4,[47]
282,310.6757914360468,green,4,[35]
283,303.4686388791558,yellow,4,[23]
284,180.17506867736057,black,2,[79]
285,327.1873910967528,white,4,[34]
286,108.52136046111886,grey,2,[72]
287,471.5835138584931,purple,4,[33]
288,345.31961960827385,radish,4,[17]
289,376.7435794159782,pink,4,[3]
290,402.4585827630831,red,4,[5]
291,241.5658429528413,blue,3,[58]
292,409.3697488889917,green,4,[42]
293,466.74522100957086,yellow,4,[30]
294,305.6643711501524,black,4,[6]
295,333.9106175369411,white,4,[13]
296,356.7834303527753,grey,4,[13]
297,300.3240462990427,purple,4,[19]
298,260.18940533820546,radish,3,[62]
299,338.6581453594917,pink,4,[31]
300,400.08282324006245,red,4,[18]
301,185.8035771261232,blue,2,[63]
302,398.3346128690411,green,4,[29]
303,254.06417591697624,yellow,3,[53]
304,430.1338981006741,black,4,[21]
305,264.15397085076467,white,3,[65]
306,438.9645116873026,grey,4,[14]
307,178.13902762551015,purple,2,[87]
308,104.50684989672214,radish,2,[99]
309,199.27074736893184,pink,2,[87]
310,117.48859853172448,red,2,[69]
311,439.032711211406,blue,4,[6]
312,122.51193968721824,green,2,[64]
313,200.90699040664984,yellow,2,[78]
314,464.7428788295152,black,4,[17]
315,272.62027987642205,white,3,[50]
316,175.48101195578425,grey,2,[87]
317,220.08660916663428,purple,3,[56]
318,227.4070169006988,radish,3,[65]
319,203.2482616293611,pink,2,[62]
320,146.72832709428704,red,2,[89]
321,216.8011158253682,blue,2,[89]
322,138.40488606709192,green,2,[76]
323,154.9765362620015,yellow,2,[67]
324,215.84491162289623,black,2,[91]
325,214.2431053220045,white,2,[88]
326,357.8503122615222,grey,4,[8]
327,380.8854504011421,purple,4,[43]
328,329.58151840587936,radish,4,[19]
329,409.0578808426396,pink,4,[37]
330,363.8391865267084,red,4,[15]
331,477.8100812073208,blue,4,[13]
332,378.0484219313509,green,4,[32]
333,264.28602916002086,yellow,3,[53]
334,489.6674118474921,black,4,[22]
335,488.7376533790461,white,4,[9]
336,116.32141769157413,grey,2,[74]
337,274.1078392020968,purple,3,[57]
338,359.1186385755838,radish,4,[21]
339,236.9316472445124,pink,3,[60]
340,326.80443031035827,red,4,[23]
341,288.0868405784538,blue,3,[68]
342,186.35358813715575,green,2,[63]
343,320.46799829638974,yellow,4,[5]
344,158.2633229033668,black,2,[76]
345,356.2449964342048,white,4,[28]
346,175.79201574507158,grey,2,[81]
347,175.9934300099712,purple,2,[60]
348,387.13688622952907,radish,4,[10]
349,293.49639761247454,pink,3,[57]
350,465.459510204203,red,4,[10]
351,317.60421584055524,blue,4,[7]
352,249.434244582282,green,3,[51]
353,282.6143504611494,yellow,3,[50]
354,467.139983149662,black,4,[31]
355,215.09016149127808,white,2,[85]
356,159.2074801541043,grey,2,[77]
357,291.63086894134256,purple,3,[63]
358,351.42778480975204,radish,4,[38]
359,241.2083934577406,pink,3,[55]
360,424.3584503866246,red,4,[9]
361,437.735722757997,blue,4,[12]
362,373.0284028308811,green,4,[41]
363,433.5870402184362,yellow,4,[34]
364,359.66615200920205,black,4,[7]
365,256.3212150902167,white,3,[56]
366,331.57253639057416,grey,4,[20]
367,240.47733026696952,purple,3,[52]
368,167.85832349546422,radish,2,[75]
369,403.7277127373038,pink,4,[25]
370,318.8667768205832,red,4,[21]
371,166.81283406681527,blue,2,[70]
372,402.3185094853748,green,4,[48]
373,293.70596186685407,yellow,3,[68]
374,461.45691908910464,black,4,[24]
375,341.0398816312904,white,4,[1]
376,177.76361312010178,grey,2,[69]
377,349.92169941740167,purple,4,[49]
378,125.78302999340266,radish,2,[82]
379,434.3593965586885,pink,4,[37]
380,229.58835548101743,red,3,[50]
381,201.28406282690025,blue,2,[93]
382,311.1305611355338,green,4,[43]
383,199.06548162320348,yellow,2,[58]
384,128.2971176600039,black,2,[75]
385,334.9372134621958,white,4,[3]
386,286.71881403509406,grey,3,[57]
387,268.8146243079012,purple,3,[59]
388,100.20308047463811,radish,2,[70]
389,341.4007369227022,pink,4,[15]
390,274.6811056151464,red,3,[58]
391,488.1935556335025,blue,4,[49]
392,385.45835185301536,green,4,[19]
393,146.9241196891296,yellow,2,[80]
394,385.8930547812541,black,4,[1]
395,118.06014486858824,white,2,[83]
396,407.8595560351124,grey,4,[22]
397,200.61231057364583,purple,2,[87]
398,452.334486938003,radish,4,[46]
399,176.42611731815325,pink,2,[92]
400,465.587462962533,red,4,[18]
401,123.35269221633772,blue,2,[77]
402,102.53733204335268,green,2,[66]
403,462.8556042038941,yellow,4,[25]
404,182.4302986553181,black,2,[90]
405,181.6572001544633,white,2,[65]
406,362.0821013199476,grey,4,[11]
407,128.40602890609034,purple,2,[69]
408,483.5473594245557,radish,4,[21]
409,222.81526934537197,pink,3,[60]
410,159.85154880744005,red,2,[61]
411,131.35973044176092,blue,2,[75]
412,312.8248814865801,green,4,[15]
413,474.7020646657244,yellow,4,[36]
414,427.82425980280425,black,4,[42]
415,442.4258871707976,white,4,[6]
416,313.6069732941178,grey,4,[4]
417,161.7868280588723,purple,2,[51]
418,174.67415682638952,radish,2,[51]
419,216.58247970359272,pink,2,[69]
420,210.87171062343896,red,2,[98]
421,482.92479108034246,blue,4,[18]
422,318.9329438659608,green,4,[11]
423,268.90964431990415,yellow,3,[61]
424,210.97540875657023,black,2,[82]
425,348.0041531572599,white,4,[1]
426,413.07628521138446,grey,4,[10]
427,465.5728090963029,purple,4,[28]
428,431.8925017425206,radish,4,[21]
429,426.20815786067067,pink,4,[35]
430,421.7428427744553,red,4,[26]
431,468.8908320480528,blue,4,[30]
432,416.5233010556145,green,4,[23]
433,494.8648265357028,yellow,4,[32]
434,354.2015067212344,black,4,[10]
435,198.67084328357515,white,2,[73]
436,245.7737099297485,grey,3,[51]
437,355.3633751609542,purple,4,[30]
438,406.8247041930435,radish,4,[45]
439,283.7874619273129,pink,3,[64]
440,366.8556564069792,red,4,[23]
441,164.56043133861505,blue,2,[89]
442,229.3526203198588,green,3,[56]
443,476.5833857092729,yellow,4,[29]
444,458.33031186096935,black,4,[15]
445,175.93375281831496,white,2,[76]
446,207.8991073342445,grey,2,[68]
447,262.9645464277153,purple,3,[50]
448,227.52362915221656,radish,3,[56]
449,477.1181157101953,pink,4,[49]
450,358.28094044191613,red,4,[15]
451,199.84620167394,blue,2,[86]
452,341.3851170139339,green,4,[35]
453,425.44547284916143,yellow,4,[17]
454,443.7926655634876,black,4,[46]
455,244.55080646947889,white,3,[56]
456,119.60717855887177,grey,2,[57]
457,296.9369736498621,purple,3,[50]
458,318.0822513358619,radish,4,[26]
459,329.9406704263555,pink,4,[11]
460,125.75005755118,red,2,[78]
461,493.13190257525287,blue,4,[43]
462,311.2980418221412,green,4,[47]
463,165.25529608458623,yellow,2,[56]
464,325.9238902252367,black,4,[33]
465,231.9060541224836,white,3,[63]
466,353.48981765947934,grey,4,[20]
467,162.4894924961803,purple,2,[76]
468,394.9363002215164,radish,4,[18]
469,104.1239511346597,pink,2,[87]
470,334.77292195310633,red,4,[20]
471,359.4024246876939,blue,4,[19]
472,412.5893400601776,green,4,[2]
473,365.9792548817711,yellow,4,[34]
474,198.17699629985657,black,2,[82]
475,139.58613639587344,white,2,[65]
476,427.9574823929722,grey,4,[9]
477,417.6421011987499,purple,4,[14]
478,209.3193301688858,radish,2,[74]
479,328.93621495285936,pink,4,[13]
480,438.77072670620754,red,4,[32]
481,345.44128549522657,blue,4,[33]
482,194.5111589749811,green,2,[91]
483,185.32037573468224,yellow,2,[60]
484,107.19083456069924,black,2,[94]
485,418.4915045579943,white,4,[5]
486,180.06599812983694,grey,2,[65]
487,298.38928504815914,purple,3,[55]
488,430.9354454731198,radish,4,[35]
489,257.884310676543,pink,3,[59]
490,482.57817904095566,red,4,[41]
491,285.6884377134935,blue,3,[53]
492,439.7815095031784,green,4,[27]
493,144.8512756675231,yellow,2,[86]
494,412.0249398255887,black,4,[1]
495,118.81682473907397,white,2,[64]
496,468.7762403385383,grey,4,[5]
497,328.6451371552548,purple,4,[1]
498,398.9924995886285,radish,4,[7]
499,230.82237780010303,pink,3,[69]
500,108.91397811948282,red,2,[99]
501,234.3658989787138,blue,3,[60]
502,443.624823462063,green,4,[41]
503,379.7769461501804,yellow,4,[44]
504,416.69358646746366,black,4,[41]
505,243.37500073722623,white,3,[62]
506,152.98932585059495,grey,2,[73]
507,448.19814078111466,purple,4,[45]
508,265.8323045390121,radish,3,[50]
509,186.1524880670484,pink,2,[76]
510,246.95696924753884,red,3,[52]
511,298.5551246923304,blue,3,[63]
512,148.23325547844402,green,2,[80]
513,394.4998180144586,yellow,4,[48]
514,390.1075312074529,black,4,[24]
515,213.62929380032983,white,2,[56]
516,403.84621805982766,grey,4,[11]
517,256.20528542629086,purple,3,[66]
518,124.5741472119828,radish,2,[84]
519,150.1235394383762,pink,2,[97]
520,283.5221261140488,red,3,[64]
521,287.72249626135056,blue,3,[56]
522,202.28335362043896,green,2,[91]
523,193.05894620277311,yellow,2,[75]
524,199.9373362844501,black,2,[97]
525,470.3223989934046,white,4,[46]
526,194.4546451570953,grey,2,[59]
527,350.5536655633981,purple,4,[37]
528,350.5812875418886,radish,4,[5]
529,333.249768684638,pink,4,[17]
530,130.48042691984008,red,2,[96]
531,114.95648321149908,blue,2,[67]
532,132.85120068116956,green,2,[95]
533,334.21909282216143,yellow,4,[1]
534,411.0124644126445,black,4,[40]
535,387.742220548234,white,4,[32]
536,439.4205294298662,grey,4,[41]
537,124.9832655062652,purple,2,[87]
538,342.7231053043138,radish,4,[21]
539,354.87362727161445,pink,4,[43]
540,460.9015360246618,red,4,[10]
541,492.35816250238827,blue,4,[36]
542,476.7449091493744,green,4,[5]
543,465.8157912111333,yellow,4,[36]
544,350.72885695766666,black,4,[21]
545,463.3550718606341,white,4,[33]
546,190.24212900975857,grey,2,[73]
547,290.48981618142403,purple,3,[69]
548,176.29609409508618,radish,2,[52]
549,239.11033823431225,pink,3,[59]
550,490.58552217207614,red,4,[43]
551,101.01286243330448,blue,2,[64]
552,328.47747278142015,green,4,[35]
553,296.850663873275,yellow,3,[55]
554,103.97645296863836,black,2,[99]
555,178.2424288824796,white,2,[76]
556,201.6656440243443,grey,2,[94]
557,460.2859302805972,purple,4,[47]
558,158.52530187164908,radish,2,[58]
559,493.11824122531743,pink,4,[42]
560,200.5030011186712,red,2,[64]
561,477.36819374888006,blue,4,[29]
562,402.67536051561865,green,4,[34]
563,334.35068681133885,yellow,4,[13]
564,432.83545020024354,black,4,[21]
565,399.7724500656768,white,4,[24]
566,352.39480246793573,grey,4,[24]
567,242.3919570209117,purple,3,[54]
568,190.17431675951087,radish,2,[80]
569,212.29897490772896,pink,2,[84]
570,267.73856017815524,red,3,[68]
571,325.26417437696045,blue,4,[12]
572,467.04987258287474,green,4,[8]
573,349.72779522545795,yellow,4,[42]
574,186.86960940997773,black,2,[66]
575,268.5926026758796,white,3,[51]
576,460.6661399240037,grey,4,[39]
577,351.0073295691811,purple,4,[10]
578,330.9486449834378,radish,4,[38]
579,469.6439942230761,pink,4,[43]
580,264.5885447090427,red,3,[59]
581,459.06360276553534,blue,4,[41]
582,118.05622234944708,green,2,[96]
583,276.73402982081075,yellow,3,[55]
584,374.6185226228347,black,4,[21]
585,399.30694854470505,white,4,[49]
586,456.0760436374308,grey,4,[14]
587,240.7003167400725,purple,3,[64]
588,369.83618773578814,radish,4,[39]
589,315.7958106120378,pink,4,[45]
590,200.70866014465213,red,2,[68]
591,232.33737751924,blue,3,[51]
592,483.9948070352615,green,4,[37]
593,110.2053624854058,yellow,2,[55]
594,298.6527949152907,black,3,[67]
595,499.55151585515785,white,4,[21]
596,154.29639354457564,grey,2,[70]
597,325.8595539791252,purple,4,[27]
598,242.8006202028835,radish,3,[61]
599,493.6860046586908,pink,4,[46]
600,161.3494037372377,red,2,[87]
601,158.02562143599488,blue,2,[99]
602,287.7821555339185,green,3,[50]
603,427.2670576562666,yellow,4,[34]
604,208.1438430766084,black,2,[71]
605,311.58536476663653,white,4,[12]
606,118.54548724144657,grey,2,[96]
607,121.60232294606972,purple,2,[73]
608,147.03744701188134,radish,2,[75]
609,396.9456050523829,pink,4,[46]
610,162.53922804008693,red,2,[79]
611,340.11439999847903,blue,4,[5]
612,496.9973908225843,green,4,[31]
613,455.1578586025111,yellow,4,[36]
614,454.16764796877993,black,4,[41]
615,402.1994886303863,white,4,[17]
616,159.781006640064,grey,2,[75]
617,452.6899178187148,purple,4,[31]
618,194.34738743240723,radish,2,[58]
619,227.22398153087727,pink,3,[67]
620,108.36448483654632,red,2,[89]
621,426.8630632015484,blue,4,[22]
622,458.8427836539545,green,4,[17]
623,152.61166111223957,yellow,2,[58]
624,330.0403307372811,black,4,[23]
625,169.0360733036989,white,2,[71]
626,218.61983395355776,grey,2,[78]
627,166.55597603984302,purple,2,[74]
628,103.6452685616712,radish,2,[92]
629,351.0782017672527,pink,4,[17]
630,455.4125804155851,red,4,[25]
631,249.81859743963977,blue,3,[66]
632,170.44798572628687,green,2,[53]
633,389.7856709053005,yellow,4,[25]
634,264.57217120694287,black,3,[67]
635,472.5267798774593,white,4,[31]
636,301.7231436085989,grey,4,[40]
637,387.4334038120374,purple,4,[37]
638,167.54513999848166,radish,2,[72]
639,307.4663487575989,pink,4,[2]
640,198.9691803695468,red,2,[89]
641,357.94572156523896,blue,4,[46]
642,435.4739645464616,green,4,[23]
643,264.7377260452814,yellow,3,[68]
644,142.83590944694276,black,2,[97]
645,286.6134204123086,white,3,[64]
646,387.80193097596566,grey,4,[6]
647,193.08638419016455,purple,2,[55]
648,113.81363032315824,radish,2,[62]
649,476.8121762256999,pink,4,[12]
650,443.6402270346557,red,4,[9]
651,479.7189736265252,blue,4,[7]
652,125.41024675593522,green,2,[89]
653,147.83826871027162,yellow,2,[93]
654,117.53346854607707,black,2,[89]
655,266.03189158757453,white,3,[60]
656,118.80415144972902,grey,2,[69]
657,299.264782952096,purple,3,[60]
658,426.9887739149913,radish,4,[5]
659,453.105744775526,pink,4,[23]
660,367.92374018085314,red,4,[38]
661,249.18892484238933,blue,3,[51]
662,431.0388140700936,green,4,[37]
663,474.9653743231039,yellow,4,[13]
664,277.1008985230661,black,3,[51]
665,208.1519863835481,white,2,[93]
666,428.629104445796,grey,4,[10]
667,225.04416153160744,purple,3,[64]
668,212.86694682281177,radish,2,[81]
669,425.0390145219867,pink,4,[38]
670,152.53170310608684,red,2,[58]
671,253.1278632454108,blue,3,[54]
672,322.26769036320445,green,4,[4]
673,187.6162814247529,yellow,2,[56]
674,199.9765899726342,black,2,[83]
675,264.0427780170486,white,3,[61]
676,151.22245128116072,grey,2,[72]
677,340.00718192231886,purple,4,[40]
678,469.3153743876576,radish,4,[20]
679,354.92468008572826,pink,4,[1]
680,429.1481384536151,red,4,[8]
681,155.80798281987822,blue,2,[90]
682,322.4025986553038,green,4,[13]
683,232.18087514242765,yellow,3,[56]
684,233.693805834362,black,3,[51]
685,301.36924082465043,white,4,[36]
686,299.12692182566104,grey,3,[54]
687,200.2613241182277,purple,2,[51]
688,302.85251202952475,radish,4,[5]
689,292.3882005612794,pink,3,[53]
690,494.3912642477979,red,4,[15]
691,102.160753671894,blue,2,[63]
692,141.24137706461647,green,2,[67]
693,348.3652468624384,yellow,4,[12]
694,334.58605147222033,black,4,[35]
695,242.66578623374056,white,3,[58]
696,221.72903058183036,grey,3,[63]
697,349.18601447543176,purple,4,[24]
698,205.8080873956587,radish,2,[87]
699,476.1175087218557,pink,4,[19]
700,318.53025855620194,red,4,[38]
701,301.8318378759741,blue,4,[43]
702,236.38225376091208,green,3,[69]
703,297.1993039486607,yellow,3,[63]
704,447.4174792563017,black,4,[8]
705,372.7726085213251,white,4,[13]
706,384.0302674076236,grey,4,[8]
707,464.7777735942912,purple,4,[35]
708,470.6429179385175,radish,4,[5]
709,183.63590698020232,pink,2,[82]
710,234.7699920820344,red,3,[69]
711,282.8532237950274,blue,3,[53]
712,148.1307953832527,green,2,[91]
713,148.2311984627457,yellow,2,[51]
714,106.51078201760886,black,2,[63]
715,411.9606275094316,white,4,[20]
716,177.63403477433152,grey,2,[96]
717,213.55329716347688,purple,2,[94]
718,331.4831599944558,radish,4,[40]
719,244.00433411865924,pink,3,[62]
720,111.96704017691066,red,2,[64]
721,129.18384793962932,blue,2,[68]
722,230.12194484398705,green,3,[59]
723,186.9905435467919,yellow,2,[55]
724,312.3973624007754,black,4,[14]
725,237.1770872135358,white,3,[51]
726,407.26204274448986,grey,4,[33]
727,329.79561456381,purple,4,[38]
728,278.66738870039615,radish,3,[65]
729,374.2127330006047,pink,4,[3]
730,373.7731037989181,red,4,[4]
731,101.12176353960338,blue,2,[55]
732,449.3730413439005,green,4,[10]
733,196.48206736862707,yellow,2,[61]
734,362.2054295180076,black,4,[21]
735,492.4052358867481,white,4,[19]
736,182.2218234169673,grey,2,[98]
737,101.91826204551266,purple,2,[54]
738,393.9767329679733,radish,4,[29]
739,203.29454462160555,pink,2,[61]
740,180.1866427902842,red,2,[83]
741,310.5864140592217,blue,4,[3]
742,248.93981039119777,green,3,[68]
743,387.11249149074047,yellow,4,[44]
744,316.81258640937733,black,4,[11]
745,252.0208442272356,white,3,[69]
746,382.6258822142922,grey,4,[13]
747,433.20738321517314,purple,4,[42]
748,322.21358933041824,radish,4,[18]
749,122.33896389506104,pink,2,[71]
750,298.4352872967726,red,3,[65]
751,312.08223873237034,blue,4,[46]
752,153.12148829573232,green,2,[71]
753,145.03805522465603,yellow,2,[61]
754,150.9077974509785,black,2,[98]
755,274.43090355681375,white,3,[63]
756,444.6426820285892,grey,4,[42]
757,190.782832942919,purple,2,[96]
758,138.95192398143382,radish,2,[81]
759,330.6870860756683,pink,4,[38]
760,226.5820903136059,red,3,[50]
761,381.4659844783937,blue,4,[20]
762,387.9578328001358,green,4,[5]
763,251.7083915327852,yellow,3,[65]
764,249.8769658393622,black,3,[57]
765,339.7572070593708,white,4,[27]
766,390.0276104696346,grey,4,[48]
767,235.1685735926427,purple,3,[51]
768,467.26833812411655,radish,4,[28]
769,210.0480111141107,pink,2,[77]
770,283.30771199975175,red,3,[61]
771,408.73066140567255,blue,4,[35]
772,426.6705658396296,green,4,[41]
773,246.5289402555493,yellow,3,[63]
774,428.4542355548265,black,4,[2]
775,387.12269247580207,white,4,[39]
776,382.5243017198162,grey,4,[37]
777,130.26741400442714,purple,2,[71]
778,454.4115096850712,radish,4,[10]
779,358.17228556823915,pink,4,[6]
780,386.9462338569829,red,4,[37]
781,253.4162816172226,blue,3,[63]
782,357.016726044776,green,4,[45]
783,187.77055329387983,yellow,2,[60]
784,218.22556263211968,black,2,[65]
785,303.9352202815696,white,4,[44]
786,440.38082400433615,grey,4,[23]
787,249.6177791618284,purple,3,[55]
788,316.2175140795891,radish,4,[44]
789,343.62601494500007,pink,4,[38]
790,313.38415008461175,red,4,[13]
791,436.2846632713348,blue,4,[41]
792,359.05804112382367,green,4,[45]
793,382.3318611852388,yellow,4,[5]
794,235.0257804042914,black,3,[53]
795,239.0322604519616,white,3,[61]
796,382.8992440805826,grey,4,[21]
797,253.4172744398757,purple,3,[64]
798,389.8654302087598,radish,4,[32]
799,199.53993147441216,pink,2,[83]
800,314.5321050038039,red,4,[31]
801,140.1958636231363,blue,2,[95]
802,410.5734419428032,green,4,[19]
803,356.0017451489557,yellow,4,[20]
804,360.6948760492493,black,4,[19]
805,241.73633802772468,white,3,[54]
806,406.6240608621279,grey,4,[16]
807,419.1918254988559,purple,4,[11]
808,323.836006437337,radish,4,[18]
809,107.77364788287392,pink,2,[84]
810,303.1687745759657,red,4,[7]
811,398.3170490068305,blue,4,[18]
812,254.03709064061331,green,3,[58]
813,190.13222741736612,yellow,2,[61]
814,185.96639496826896,black,2,[50]
815,228.30487137663096,white,3,[55]
816,194.53246503922367,grey,2,[79]
817,486.8607995638417,purple,4,[17]
818,401.2699256101274,radish,4,[26]
819,379.0110076190706,pink,4,[25]
820,472.788689087639,red,4,[17]
821,236.6131810276782,blue,3,[61]
822,460.62485105719935,green,4,[14]
823,283.9855474902876,yellow,3,[57]
824,448.1476522047123,black,4,[34]
825,454.4505691934013,white,4,[2]
826,168.96435767414005,grey,2,[93]
827,340.43701927856733,purple,4,[26]
828,112.49228673610516,radish,2,[78]
829,469.1752688117888,pink,4,[43]
830,489.60128901526485,red,4,[18]
831,364.5139888208121,blue,4,[23]
832,266.39078851097145,green,3,[52]
833,487.6605514984772,yellow,4,[18]
834,164.77822183680905,black,2,[58]
835,131.43053544090714,white,2,[79]
836,226.2115941268522,grey,3,[60]
837,336.29825310948763,purple,4,[40]
838,436.5902987164913,radish,4,[20]
839,173.24194564127455,pink,2,[91]
840,374.3689643540136,red,4,[29]
841,392.57775852412817,blue,4,[2]
842,153.2581539585768,green,2,[61]
843,217.78321719785765,yellow,2,[99]
844,442.4394249758148,black,4,[38]
845,135.10916428308172,white,2,[84]
846,308.9889892992286,grey,4,[9]
847,415.1350599396704,purple,4,[2]
848,222.1098282251374,radish,3,[56]
849,223.86875092425535,pink,3,[57]
850,198.18105932105468,red,2,[79]
851,337.009826818021,blue,4,[26]
852,141.32633712566442,green,2,[73]
853,118.82390988594258,yellow,2,[80]
854,223.0282293502121,black,3,[52]
855,470.8251475401562,white,4,[12]
856,244.62668301728803,grey,3,[64]
857,179.32492639471877,purple,2,[68]
858,379.3893952964789,radish,4,[11]
859,471.1468917994049,pink,4,[7]
860,209.3929277931576,red,2,[90]
861,313.762585439751,blue,4,[6]
862,393.2329371953457,green,4,[33]
863,308.10856487459137,yellow,4,[21]
864,290.6493743562586,black,3,[50]
865,411.40136540774125,white,4,[34]
866,302.6317948355892,grey,4,[17]
867,298.49486547346,purple,3,[51]
868,213.02882004008492,radish,2,[70]
869,201.81240068068624,pink,2,[89]
870,380.03868027180073,red,4,[11]
871,473.472171682456,blue,4,[12]
872,485.5400068911599,green,4,[44]
873,234.95225749702536,yellow,3,[56]
874,422.8999352786031,black,4,[16]
875,287.63721716039083,white,3,[55]
876,484.54111422568457,grey,4,[39]
877,325.15606666840176,purple,4,[16]
878,348.71931231655543,radish,4,[26]
879,190.96802989520407,pink,2,[57]
880,496.3491773039568,red,4,[45]
881,236.36250909500103,blue,3,[60]
882,208.1236671506191,green,2,[57]
883,360.3400088627847,yellow,4,[23]
884,460.6616089875607,black,4,[4]
885,464.5777040240699,white,4,[46]
886,233.0043565929083,grey,3,[51]
887,418.3724277161816,purple,4,[28]
888,359.71219064493204,radish,4,[29]
889,351.5843711197996,pink,4,[37]
890,225.4058779671818,red,3,[63]
891,288.1629958376195,blue,3,[59]
892,413.7320642272007,green,4,[44]
893,196.23674554971677,yellow,2,[78]
894,247.66145243117836,black,3,[56]
895,344.0592245007779,white,4,[31]
896,296.7374722796521,grey,3,[53]
897,303.6530892083992,purple,4,[11]
898,368.9380840600216,radish,4,[6]
899,371.1781956417175,pink,4,[45]
900,438.60420192124593,red,4,[47]
901,471.1352002904526,blue,4,[30]
902,142.3850532895687,green,2,[60]
903,453.2862648593872,yellow,4,[6]
904,159.06143293427553,black,2,[69]
905,297.9496358742774,white,3,[69]
906,343.93796204750066,grey,4,[5]
907,473.5296117061327,purple,4,[43]
908,471.2935210179006,radish,4,[34]
909,285.4402786129374,pink,3,[54]
910,449.7464250974844,red,4,[39]
911,124.0870391024401,blue,2,[65]
912,425.91510416208047,green,4,[23]
913,170.4870446306252,yellow,2,[61]
914,275.27965106798115,black,3,[66]
915,160.65040696970073,white,2,[57]
916,149.99422463991556,grey,2,[75]
917,180.25663361508512,purple,2,[52]
918,478.16952964427855,radish,4,[16]
919,332.8982458980225,pink,4,[16]
920,279.1201562571449,red,3,[53]
921,267.011571140847,blue,3,[57]
922,457.3487330824242,green,4,[41]
923,283.73971236736924,yellow,3,[63]
924,302.11894664889144,black,4,[18]
925,443.523675627442,white,4,[45]
926,141.1490625705561,grey,2,[62]
927,174.60048975395614,purple,2,[90]
928,205.97193765840757,radish,2,[55]
929,235.18658520837155,pink,3,[54]
930,149.31149425721068,red,2,[52]
931,440.3836946908103,blue,4,[49]
932,273.0809650611908,green,3,[50]
933,426.610223349141,yellow,4,[27]
934,115.2207268788152,black,2,[88]
935,428.0101263312612,white,4,[35]
936,290.97603323761786,grey,3,[57]
937,224.22005968273663,purple,3,[62]
938,428.685396573652,radish,4,[31]
939,259.070547891631,pink,3,[56]
940,205.7243311900029,red,2,[94]
941,237.6916234356477,blue,3,[50]
942,442.54235945780334,green,4,[37]
943,227.4169671485764,yellow,3,[54]
944,145.15368422851233,black,2,[75]
945,295.48957914224763,white,3,[62]
946,430.6689016434564,grey,4,[2]
947,441.51790883114825,purple,4,[35]
948,254.78278756983337,radish,3,[50]
949,480.76231939444,pink,4,[35]
950,231.18604546218515,red,3,[63]
951,122.02717760768712,blue,2,[72]
952,299.1615227553703,green,3,[54]
953,178.43136644941052,yellow,2,[76]
954,460.95727614215735,black,4,[32]
955,350.8605662765507,white,4,[43]
956,367.6160747918206,grey,4,[41]
957,301.86917309268887,purple,4,[32]
958,157.45032953547246,radish,2,[54]
959,411.1589329613211,pink,4,[14]
960,244.815872816806,red,3,[61]
961,291.66382965117725,blue,3,[51]
962,467.8256812090174,green,4,[32]
963,382.3906221956215,yellow,4,[45]
964,482.07352888931376,black,4,[11]
965,452.8090199115152,white,4,[44]
966,462.9054441342954,grey,4,[46]
967,341.74042589286495,purple,4,[44]
968,445.8003813138707,radish,4,[34]
969,173.30553285736477,pink,2,[72]
970,121.88940410070424,red,2,[98]
971,375.06238941792896,blue,4,[7]
972,405.6015005956296,green,4,[22]
973,124.28871375161056,yellow,2,[55]
974,113.8521820269434,black,2,[93]
975,276.8175127452379,white,3,[60]
976,389.8396762391091,grey,4,[7]
977,102.840629421561,purple,2,[79]
978,283.8890587744745,radish,3,[62]
979,386.5426705135617,pink,4,[19]
980,247.26821392908204,red,3,[63]
981,312.1989475992136,blue,4,[29]
982,208.34897989216552,green,2,[55]
983,150.48411218817537,yellow,2,[87]
984,225.435909419483,black,3,[62]
985,355.9291148000168,white,4,[38]
986,399.7447020517935,grey,4,[23]
987,412.5621227754777,purple,4,[46]
988,143.2308539197959,radish,2,[72]
989,108.91131542422616,pink,2,[56]
990,398.7029887977228,red,4,[19]
991,396.9848895514916,blue,4,[43]
992,408.9898772361653,green,4,[32]
993,426.4191975252632,yellow,4,[10]
994,278.6391350150567,black,3,[62]
995,127.33389419742296,white,2,[95]
996,271.4976581645183,grey,3,[54]
997,498.9977802933507,purple,4,[42]
998,205.77623685093488,radish,2,[54]
999,366.1519161005662,pink,4,[18]
